wkt,lad_id,lad_code,lad_name,lad_name_welsh,lad_id_region,region_code,region_name,region_name_welsh,lad_id_country,country_code,country_name,country_name_welsh
"POLYGON ((1 0,1 1,2 1,2 0,1 0))","1",E06000053,Isles of Scilly,,SW1,E12000009,South West,De-orllewin Lloegr,E1,E92000001,England,Lloegr
"POLYGON ((12 0,12 1,13 1,13 0,12 0))","2",E06000046,Isle of Wight,,SE1,E12000008,South East,De-ddwyrain Lloegr,E2,E92000001,England,Lloegr
"POLYGON ((2 1,2 2,3 2,3 1,2 1))","3",E06000052,Cornwall,,SW2,E12000009,South West,De-orllewin Lloegr,E3,E92000001,England,Lloegr
"POLYGON ((3 1,3 2,4 2,4 1,3 1))","4",E06000026,Plymouth,,SW3,E12000009,South West,De-orllewin Lloegr,E4,E92000001,England,Lloegr
"POLYGON ((4 1,4 2,5 2,5 1,4 1))","5",E07000044,South Hams,,SW4,E12000009,South West,De-orllewin Lloegr,E5,E92000001,England,Lloegr
"POLYGON ((5 1,5 2,6 2,6 1,5 1))","6",E06000027,Torbay,,SW5,E12000009,South West,De-orllewin Lloegr,E6,E92000001,England,Lloegr
"POLYGON ((16 1,16 2,17 2,17 1,16 1))","7",E07000224,Arun,,SE2,E12000008,South East,De-ddwyrain Lloegr,E7,E92000001,England,Lloegr
"POLYGON ((4 2,4 3,5 3,5 2,4 2))","8",E07000047,West Devon,,SW6,E12000009,South West,De-orllewin Lloegr,E8,E92000001,England,Lloegr
"POLYGON ((5 2,5 3,6 3,6 2,5 2))","9",E07000045,Teignbridge,,SW7,E12000009,South West,De-orllewin Lloegr,E9,E92000001,England,Lloegr
"POLYGON ((6 2,6 3,7 3,7 2,6 2))","10",E07000041,Exeter,,SW8,E12000009,South West,De-orllewin Lloegr,E10,E92000001,England,Lloegr
"POLYGON ((8 2,8 3,9 3,9 2,8 2))","11",E06000059,Dorset,,SW9,E12000009,South West,De-orllewin Lloegr,E11,E92000001,England,Lloegr
"POLYGON ((11 2,11 3,12 3,12 2,11 2))","12",E06000045,Southampton,,SE3,E12000008,South East,De-ddwyrain Lloegr,E12,E92000001,England,Lloegr
"POLYGON ((12 2,12 3,13 3,13 2,12 2))","13",E07000087,Fareham,,SE4,E12000008,South East,De-ddwyrain Lloegr,E13,E92000001,England,Lloegr
"POLYGON ((13 2,13 3,14 3,14 2,13 2))","14",E07000088,Gosport,,SE5,E12000008,South East,De-ddwyrain Lloegr,E14,E92000001,England,Lloegr
"POLYGON ((14 2,14 3,15 3,15 2,14 2))","15",E06000044,Portsmouth,,SE6,E12000008,South East,De-ddwyrain Lloegr,E15,E92000001,England,Lloegr
"POLYGON ((15 2,15 3,16 3,16 2,15 2))","16",E07000225,Chichester,,SE7,E12000008,South East,De-ddwyrain Lloegr,E16,E92000001,England,Lloegr
"POLYGON ((16 2,16 3,17 3,17 2,16 2))","17",E07000229,Worthing,,SE8,E12000008,South East,De-ddwyrain Lloegr,E17,E92000001,England,Lloegr
"POLYGON ((17 2,17 3,18 3,18 2,17 2))","18",E07000223,Adur,,SE9,E12000008,South East,De-ddwyrain Lloegr,E18,E92000001,England,Lloegr
"POLYGON ((5 3,5 4,6 4,6 3,5 3))","19",E07000046,Torridge,,SW10,E12000009,South West,De-orllewin Lloegr,E19,E92000001,England,Lloegr
"POLYGON ((6 3,6 4,7 4,7 3,6 3))","20",E07000042,Mid Devon,,SW11,E12000009,South West,De-orllewin Lloegr,E20,E92000001,England,Lloegr
"POLYGON ((7 3,7 4,8 4,8 3,7 3))","21",E07000040,East Devon,,SW12,E12000009,South West,De-orllewin Lloegr,E21,E92000001,England,Lloegr
"POLYGON ((8 3,8 4,9 4,9 3,8 3))","22",E07000189,South Somerset,,SW13,E12000009,South West,De-orllewin Lloegr,E22,E92000001,England,Lloegr
"POLYGON ((9 3,9 4,10 4,10 3,9 3))","23",E06000058,"Bournemouth, Christchurch and Poole",,SW14,E12000009,South West,De-orllewin Lloegr,E23,E92000001,England,Lloegr
"POLYGON ((10 3,10 4,11 4,11 3,10 3))","24",E07000091,New Forest,,SE10,E12000008,South East,De-ddwyrain Lloegr,E24,E92000001,England,Lloegr
"POLYGON ((11 3,11 4,12 4,12 3,11 3))","25",E07000093,Test Valley,,SE11,E12000008,South East,De-ddwyrain Lloegr,E25,E92000001,England,Lloegr
"POLYGON ((12 3,12 4,13 4,13 3,12 3))","26",E07000086,Eastleigh,,SE12,E12000008,South East,De-ddwyrain Lloegr,E26,E92000001,England,Lloegr
"POLYGON ((13 3,13 4,14 4,14 3,13 3))","27",E07000094,Winchester,,SE13,E12000008,South East,De-ddwyrain Lloegr,E27,E92000001,England,Lloegr
"POLYGON ((14 3,14 4,15 4,15 3,14 3))","28",E07000090,Havant,,SE14,E12000008,South East,De-ddwyrain Lloegr,E28,E92000001,England,Lloegr
"POLYGON ((15 3,15 4,16 4,16 3,15 3))","29",E07000085,East Hampshire,,SE15,E12000008,South East,De-ddwyrain Lloegr,E29,E92000001,England,Lloegr
"POLYGON ((16 3,16 4,17 4,17 3,16 3))","30",E07000216,Waverley,,SE16,E12000008,South East,De-ddwyrain Lloegr,E30,E92000001,England,Lloegr
"POLYGON ((17 3,17 4,18 4,18 3,17 3))","31",E07000227,Horsham,,SE17,E12000008,South East,De-ddwyrain Lloegr,E31,E92000001,England,Lloegr
"POLYGON ((18 3,18 4,19 4,19 3,18 3))","32",E06000043,Brighton and Hove,,SE18,E12000008,South East,De-ddwyrain Lloegr,E32,E92000001,England,Lloegr
"POLYGON ((19 3,19 4,20 4,20 3,19 3))","33",E07000063,Lewes,,SE19,E12000008,South East,De-ddwyrain Lloegr,E33,E92000001,England,Lloegr
"POLYGON ((5 4,5 5,6 5,6 4,5 4))","34",E07000043,North Devon,,SW15,E12000009,South West,De-orllewin Lloegr,E34,E92000001,England,Lloegr
"POLYGON ((6 4,6 5,7 5,7 4,6 4))","35",E07000246,Somerset West and Taunton,,SW16,E12000009,South West,De-orllewin Lloegr,E35,E92000001,England,Lloegr
"POLYGON ((7 4,7 5,8 5,8 4,7 4))","36",E07000188,Sedgemoor,,SW17,E12000009,South West,De-orllewin Lloegr,E36,E92000001,England,Lloegr
"POLYGON ((8 4,8 5,9 5,9 4,8 4))","37",E06000022,Bath and North East Somerset,,SW18,E12000009,South West,De-orllewin Lloegr,E37,E92000001,England,Lloegr
"POLYGON ((9 4,9 5,10 5,10 4,9 4))","38",E07000187,Mendip,,SW19,E12000009,South West,De-orllewin Lloegr,E38,E92000001,England,Lloegr
"POLYGON ((10 4,10 5,11 5,11 4,10 4))","39",E06000054,Wiltshire,,SW20,E12000009,South West,De-orllewin Lloegr,E39,E92000001,England,Lloegr
"POLYGON ((11 4,11 5,12 5,12 4,11 4))","40",E07000084,Basingstoke and Deane,,SE20,E12000008,South East,De-ddwyrain Lloegr,E40,E92000001,England,Lloegr
"POLYGON ((12 4,12 5,13 5,13 4,12 4))","41",E07000089,Hart,,SE21,E12000008,South East,De-ddwyrain Lloegr,E41,E92000001,England,Lloegr
"POLYGON ((13 4,13 5,14 5,14 4,13 4))","42",E07000092,Rushmoor,,SE22,E12000008,South East,De-ddwyrain Lloegr,E42,E92000001,England,Lloegr
"POLYGON ((14 4,14 5,15 5,15 4,14 4))","43",E07000214,Surrey Heath,,SE23,E12000008,South East,De-ddwyrain Lloegr,E43,E92000001,England,Lloegr
"POLYGON ((15 4,15 5,16 5,16 4,15 4))","44",E07000217,Woking,,SE24,E12000008,South East,De-ddwyrain Lloegr,E44,E92000001,England,Lloegr
"POLYGON ((16 4,16 5,17 5,17 4,16 4))","45",E07000209,Guildford,,SE25,E12000008,South East,De-ddwyrain Lloegr,E45,E92000001,England,Lloegr
"POLYGON ((17 4,17 5,18 5,18 4,17 4))","46",E07000210,Mole Valley,,SE26,E12000008,South East,De-ddwyrain Lloegr,E46,E92000001,England,Lloegr
"POLYGON ((18 4,18 5,19 5,19 4,18 4))","47",E07000226,Crawley,,SE27,E12000008,South East,De-ddwyrain Lloegr,E47,E92000001,England,Lloegr
"POLYGON ((19 4,19 5,20 5,20 4,19 4))","48",E07000228,Mid Sussex,,SE28,E12000008,South East,De-ddwyrain Lloegr,E48,E92000001,England,Lloegr
"POLYGON ((20 4,20 5,21 5,21 4,20 4))","49",E07000061,Eastbourne,,SE29,E12000008,South East,De-ddwyrain Lloegr,E49,E92000001,England,Lloegr
"POLYGON ((21 4,21 5,22 5,22 4,21 4))","50",E07000062,Hastings,,SE30,E12000008,South East,De-ddwyrain Lloegr,E50,E92000001,England,Lloegr
"POLYGON ((6 5,6 6,7 6,7 5,6 5))","51",E06000024,North Somerset,,SW21,E12000009,South West,De-orllewin Lloegr,E51,E92000001,England,Lloegr
"POLYGON ((7 5,7 6,8 6,8 5,7 5))","52",E06000023,"Bristol, City of",,SW22,E12000009,South West,De-orllewin Lloegr,E52,E92000001,England,Lloegr
"POLYGON ((8 5,8 6,9 6,9 5,8 5))","53",E06000025,South Gloucestershire,,SW23,E12000009,South West,De-orllewin Lloegr,E53,E92000001,England,Lloegr
"POLYGON ((9 5,9 6,10 6,10 5,9 5))","54",E06000030,Swindon,,SW24,E12000009,South West,De-orllewin Lloegr,E54,E92000001,England,Lloegr
"POLYGON ((10 5,10 6,11 6,11 5,10 5))","55",E06000037,West Berkshire,,SE31,E12000008,South East,De-ddwyrain Lloegr,E55,E92000001,England,Lloegr
"POLYGON ((11 5,11 6,12 6,12 5,11 5))","56",E06000038,Reading,,SE32,E12000008,South East,De-ddwyrain Lloegr,E56,E92000001,England,Lloegr
"POLYGON ((12 5,12 6,13 6,13 5,12 5))","57",E06000041,Wokingham,,SE33,E12000008,South East,De-ddwyrain Lloegr,E57,E92000001,England,Lloegr
"POLYGON ((13 5,13 6,14 6,14 5,13 5))","58",E06000036,Bracknell Forest,,SE34,E12000008,South East,De-ddwyrain Lloegr,E58,E92000001,England,Lloegr
"POLYGON ((14 5,14 6,15 6,15 5,14 5))","59",E07000212,Runnymede,,SE35,E12000008,South East,De-ddwyrain Lloegr,E59,E92000001,England,Lloegr
"POLYGON ((15 5,15 6,16 6,16 5,15 5))","60",E07000207,Elmbridge,,SE36,E12000008,South East,De-ddwyrain Lloegr,E60,E92000001,England,Lloegr
"POLYGON ((16 5,16 6,17 6,17 5,16 5))","61",E09000029,Sutton,,L1,E12000007,London,Llundain,E61,E92000001,England,Lloegr
"POLYGON ((17 5,17 6,18 6,18 5,17 5))","62",E07000208,Epsom and Ewell,,SE37,E12000008,South East,De-ddwyrain Lloegr,E62,E92000001,England,Lloegr
"POLYGON ((18 5,18 6,19 6,19 5,18 5))","63",E07000211,Reigate and Banstead,,SE38,E12000008,South East,De-ddwyrain Lloegr,E63,E92000001,England,Lloegr
"POLYGON ((19 5,19 6,20 6,20 5,19 5))","64",E07000215,Tandridge,,SE39,E12000008,South East,De-ddwyrain Lloegr,E64,E92000001,England,Lloegr
"POLYGON ((20 5,20 6,21 6,21 5,20 5))","65",E07000065,Wealden,,SE40,E12000008,South East,De-ddwyrain Lloegr,E65,E92000001,England,Lloegr
"POLYGON ((21 5,21 6,22 6,22 5,21 5))","66",E07000064,Rother,,SE41,E12000008,South East,De-ddwyrain Lloegr,E66,E92000001,England,Lloegr
"POLYGON ((7 6,7 7,8 7,8 6,7 6))","67",E07000082,Stroud,,SW25,E12000009,South West,De-orllewin Lloegr,E67,E92000001,England,Lloegr
"POLYGON ((8 6,8 7,9 7,9 6,8 6))","68",E07000078,Cheltenham,,SW26,E12000009,South West,De-orllewin Lloegr,E68,E92000001,England,Lloegr
"POLYGON ((9 6,9 7,10 7,10 6,9 6))","69",E07000079,Cotswold,,SW27,E12000009,South West,De-orllewin Lloegr,E69,E92000001,England,Lloegr
"POLYGON ((10 6,10 7,11 7,11 6,10 6))","70",E07000180,Vale of White Horse,,SE42,E12000008,South East,De-ddwyrain Lloegr,E70,E92000001,England,Lloegr
"POLYGON ((11 6,11 7,12 7,12 6,11 6))","71",E07000179,South Oxfordshire,,SE43,E12000008,South East,De-ddwyrain Lloegr,E71,E92000001,England,Lloegr
"POLYGON ((12 6,12 7,13 7,13 6,12 6))","72",E07000007,Wycombe,,SE44,E12000008,South East,De-ddwyrain Lloegr,E72,E92000001,England,Lloegr
"POLYGON ((13 6,13 7,14 7,14 6,13 6))","73",E06000040,Windsor and Maidenhead,,SE45,E12000008,South East,De-ddwyrain Lloegr,E73,E92000001,England,Lloegr
"POLYGON ((14 6,14 7,15 7,15 6,14 6))","74",E07000213,Spelthorne,,SE46,E12000008,South East,De-ddwyrain Lloegr,E74,E92000001,England,Lloegr
"POLYGON ((15 6,15 7,16 7,16 6,15 6))","75",E09000021,Kingston upon Thames,,L2,E12000007,London,Llundain,E75,E92000001,England,Lloegr
"POLYGON ((16 6,16 7,17 7,17 6,16 6))","76",E09000024,Merton,,L3,E12000007,London,Llundain,E76,E92000001,England,Lloegr
"POLYGON ((17 6,17 7,18 7,18 6,17 6))","77",E09000008,Croydon,,L4,E12000007,London,Llundain,E77,E92000001,England,Lloegr
"POLYGON ((18 6,18 7,19 7,19 6,18 6))","78",E09000006,Bromley,,L5,E12000007,London,Llundain,E78,E92000001,England,Lloegr
"POLYGON ((19 6,19 7,20 7,20 6,19 6))","79",E09000004,Bexley,,L6,E12000007,London,Llundain,E79,E92000001,England,Lloegr
"POLYGON ((20 6,20 7,21 7,21 6,20 6))","80",E07000116,Tunbridge Wells,,SE47,E12000008,South East,De-ddwyrain Lloegr,E80,E92000001,England,Lloegr
"POLYGON ((21 6,21 7,22 7,22 6,21 6))","81",E07000110,Maidstone,,SE48,E12000008,South East,De-ddwyrain Lloegr,E81,E92000001,England,Lloegr
"POLYGON ((22 6,22 7,23 7,23 6,22 6))","82",E07000105,Ashford,,SE49,E12000008,South East,De-ddwyrain Lloegr,E82,E92000001,England,Lloegr
"POLYGON ((23 6,23 7,24 7,24 6,23 6))","83",E07000112,Folkestone and Hythe,,SE50,E12000008,South East,De-ddwyrain Lloegr,E83,E92000001,England,Lloegr
"POLYGON ((24 6,24 7,25 7,25 6,24 6))","84",E07000108,Dover,,SE51,E12000008,South East,De-ddwyrain Lloegr,E84,E92000001,England,Lloegr
"POLYGON ((3 7,3 8,4 8,4 7,3 7))","85",W06000014,Vale of Glamorgan,Bro Morgannwg,W1,W08000001,Wales,Cymru,W1,W92000004,Wales,Cymru
"POLYGON ((6 7,6 8,7 8,7 7,6 7))","86",E07000080,Forest of Dean,,SW28,E12000009,South West,De-orllewin Lloegr,E85,E92000001,England,Lloegr
"POLYGON ((7 7,7 8,8 8,8 7,7 7))","87",E07000081,Gloucester,,SW29,E12000009,South West,De-orllewin Lloegr,E86,E92000001,England,Lloegr
"POLYGON ((8 7,8 8,9 8,9 7,8 7))","88",E07000083,Tewkesbury,,SW30,E12000009,South West,De-orllewin Lloegr,E87,E92000001,England,Lloegr
"POLYGON ((9 7,9 8,10 8,10 7,9 7))","89",E07000221,Stratford-on-Avon,,WM1,E12000005,West Midlands,Gorllewin Canolbarth Lloegr,E88,E92000001,England,Lloegr
"POLYGON ((10 7,10 8,11 8,11 7,10 7))","90",E07000181,West Oxfordshire,,SE52,E12000008,South East,De-ddwyrain Lloegr,E89,E92000001,England,Lloegr
"POLYGON ((11 7,11 8,12 8,12 7,11 7))","91",E07000178,Oxford,,SE53,E12000008,South East,De-ddwyrain Lloegr,E90,E92000001,England,Lloegr
"POLYGON ((12 7,12 8,13 8,13 7,12 7))","92",E07000005,Chiltern,,SE54,E12000008,South East,De-ddwyrain Lloegr,E91,E92000001,England,Lloegr
"POLYGON ((13 7,13 8,14 8,14 7,13 7))","93",E06000039,Slough,,SE55,E12000008,South East,De-ddwyrain Lloegr,E92,E92000001,England,Lloegr
"POLYGON ((14 7,14 8,15 8,15 7,14 7))","94",E09000027,Richmond upon Thames,,L7,E12000007,London,Llundain,E93,E92000001,England,Lloegr
"POLYGON ((15 7,15 8,16 8,16 7,15 7))","95",E09000032,Wandsworth,,L8,E12000007,London,Llundain,E94,E92000001,England,Lloegr
"POLYGON ((16 7,16 8,17 8,17 7,16 7))","96",E09000022,Lambeth,,L9,E12000007,London,Llundain,E95,E92000001,England,Lloegr
"POLYGON ((17 7,17 8,18 8,18 7,17 7))","97",E09000028,Southwark,,L10,E12000007,London,Llundain,E96,E92000001,England,Lloegr
"POLYGON ((18 7,18 8,19 8,19 7,18 7))","98",E09000023,Lewisham,,L11,E12000007,London,Llundain,E97,E92000001,England,Lloegr
"POLYGON ((19 7,19 8,20 8,20 7,19 7))","99",E09000011,Greenwich,,L12,E12000007,London,Llundain,E98,E92000001,England,Lloegr
"POLYGON ((20 7,20 8,21 8,21 7,20 7))","100",E07000111,Sevenoaks,,SE56,E12000008,South East,De-ddwyrain Lloegr,E99,E92000001,England,Lloegr
"POLYGON ((21 7,21 8,22 8,22 7,21 7))","101",E07000115,Tonbridge and Malling,,SE57,E12000008,South East,De-ddwyrain Lloegr,E100,E92000001,England,Lloegr
"POLYGON ((22 7,22 8,23 8,23 7,22 7))","102",E07000113,Swale,,SE58,E12000008,South East,De-ddwyrain Lloegr,E101,E92000001,England,Lloegr
"POLYGON ((23 7,23 8,24 8,24 7,23 7))","103",E07000106,Canterbury,,SE59,E12000008,South East,De-ddwyrain Lloegr,E102,E92000001,England,Lloegr
"POLYGON ((24 7,24 8,25 8,25 7,24 7))","104",E07000114,Thanet,,SE60,E12000008,South East,De-ddwyrain Lloegr,E103,E92000001,England,Lloegr
"POLYGON ((2 8,2 9,3 9,3 8,2 8))","105",W06000013,Bridgend,Pen-y-bont ar Ogwr,W2,W08000001,Wales,Cymru,W2,W92000004,Wales,Cymru
"POLYGON ((3 8,3 9,4 9,4 8,3 8))","106",W06000015,Cardiff,Caerdydd,W3,W08000001,Wales,Cymru,W3,W92000004,Wales,Cymru
"POLYGON ((4 8,4 9,5 9,5 8,4 8))","107",W06000022,Newport,Casnewydd,W4,W08000001,Wales,Cymru,W4,W92000004,Wales,Cymru
"POLYGON ((5 8,5 9,6 9,6 8,5 8))","108",W06000021,Monmouthshire,Sir Fynwy,W5,W08000001,Wales,Cymru,W5,W92000004,Wales,Cymru
"POLYGON ((6 8,6 9,7 9,7 8,6 8))","109",E06000019,"Herefordshire, County of",,WM2,E12000005,West Midlands,Gorllewin Canolbarth Lloegr,E104,E92000001,England,Lloegr
"POLYGON ((7 8,7 9,8 9,8 8,7 8))","110",E07000237,Worcester,,WM3,E12000005,West Midlands,Gorllewin Canolbarth Lloegr,E105,E92000001,England,Lloegr
"POLYGON ((8 8,8 9,9 9,9 8,8 8))","111",E07000238,Wychavon,,WM4,E12000005,West Midlands,Gorllewin Canolbarth Lloegr,E106,E92000001,England,Lloegr
"POLYGON ((9 8,9 9,10 9,10 8,9 8))","112",E07000222,Warwick,,WM5,E12000005,West Midlands,Gorllewin Canolbarth Lloegr,E107,E92000001,England,Lloegr
"POLYGON ((10 8,10 9,11 9,11 8,10 8))","113",E07000220,Rugby,,WM6,E12000005,West Midlands,Gorllewin Canolbarth Lloegr,E108,E92000001,England,Lloegr
"POLYGON ((11 8,11 9,12 9,12 8,11 8))","114",E07000177,Cherwell,,SE61,E12000008,South East,De-ddwyrain Lloegr,E109,E92000001,England,Lloegr
"POLYGON ((12 8,12 9,13 9,13 8,12 8))","115",E07000004,Aylesbury Vale,,SE62,E12000008,South East,De-ddwyrain Lloegr,E110,E92000001,England,Lloegr
"POLYGON ((13 8,13 9,14 9,14 8,13 8))","116",E07000006,South Bucks,,SE63,E12000008,South East,De-ddwyrain Lloegr,E111,E92000001,England,Lloegr
"POLYGON ((14 8,14 9,15 9,15 8,14 8))","117",E09000018,Hounslow,,L13,E12000007,London,Llundain,E112,E92000001,England,Lloegr
"POLYGON ((15 8,15 9,16 9,16 8,15 8))","118",E09000013,Hammersmith and Fulham,,L14,E12000007,London,Llundain,E113,E92000001,England,Lloegr
"POLYGON ((16 8,16 9,17 9,17 8,16 8))","119",E09000020,Kensington and Chelsea,,L15,E12000007,London,Llundain,E114,E92000001,England,Lloegr
"POLYGON ((17 8,17 9,18 9,18 8,17 8))","120",E09000033,Westminster,,L16,E12000007,London,Llundain,E115,E92000001,England,Lloegr
"POLYGON ((18 8,18 9,19 9,19 8,18 8))","121",E09000001,City of London,,L17,E12000007,London,Llundain,E116,E92000001,England,Lloegr
"POLYGON ((19 8,19 9,20 9,20 8,19 8))","122",E09000030,Tower Hamlets,,L18,E12000007,London,Llundain,E117,E92000001,England,Lloegr
"POLYGON ((20 8,20 9,21 9,21 8,20 8))","123",E07000107,Dartford,,SE64,E12000008,South East,De-ddwyrain Lloegr,E118,E92000001,England,Lloegr
"POLYGON ((21 8,21 9,22 9,22 8,21 8))","124",E07000109,Gravesham,,SE65,E12000008,South East,De-ddwyrain Lloegr,E119,E92000001,England,Lloegr
"POLYGON ((22 8,22 9,23 9,23 8,22 8))","125",E06000035,Medway,,SE66,E12000008,South East,De-ddwyrain Lloegr,E120,E92000001,England,Lloegr
"POLYGON ((0 9,0 10,1 10,1 9,0 9))","126",W06000009,Pembrokeshire,Sir Benfro,W6,W08000001,Wales,Cymru,W6,W92000004,Wales,Cymru
"POLYGON ((1 9,1 10,2 10,2 9,1 9))","127",W06000011,Swansea,Abertawe,W7,W08000001,Wales,Cymru,W7,W92000004,Wales,Cymru
"POLYGON ((2 9,2 10,3 10,3 9,2 9))","128",W06000012,Neath Port Talbot,Castell-nedd Port Talbot,W8,W08000001,Wales,Cymru,W8,W92000004,Wales,Cymru
"POLYGON ((3 9,3 10,4 10,4 9,3 9))","129",W06000016,Rhondda Cynon Taf,Rhondda Cynon Taf,W9,W08000001,Wales,Cymru,W9,W92000004,Wales,Cymru
"POLYGON ((4 9,4 10,5 10,5 9,4 9))","130",W06000020,Torfaen,Torfaen,W10,W08000001,Wales,Cymru,W10,W92000004,Wales,Cymru
"POLYGON ((5 9,5 10,6 10,6 9,5 9))","131",W06000019,Blaenau Gwent,Blaenau Gwent,W11,W08000001,Wales,Cymru,W11,W92000004,Wales,Cymru
"POLYGON ((6 9,6 10,7 10,7 9,6 9))","132",E07000235,Malvern Hills,,WM7,E12000005,West Midlands,Gorllewin Canolbarth Lloegr,E121,E92000001,England,Lloegr
"POLYGON ((7 9,7 10,8 10,8 9,7 9))","133",E07000239,Wyre Forest,,WM8,E12000005,West Midlands,Gorllewin Canolbarth Lloegr,E122,E92000001,England,Lloegr
"POLYGON ((8 9,8 10,9 10,9 9,8 9))","134",E07000236,Redditch,,WM9,E12000005,West Midlands,Gorllewin Canolbarth Lloegr,E123,E92000001,England,Lloegr
"POLYGON ((9 9,9 10,10 10,10 9,9 9))","135",E08000029,Solihull,,WM10,E12000005,West Midlands,Gorllewin Canolbarth Lloegr,E124,E92000001,England,Lloegr
"POLYGON ((10 9,10 10,11 10,11 9,10 9))","136",E08000026,Coventry,,WM11,E12000005,West Midlands,Gorllewin Canolbarth Lloegr,E125,E92000001,England,Lloegr
"POLYGON ((11 9,11 10,12 10,12 9,11 9))","137",E07000219,Nuneaton and Bedworth,,WM12,E12000005,West Midlands,Gorllewin Canolbarth Lloegr,E126,E92000001,England,Lloegr
"POLYGON ((12 9,12 10,13 10,13 9,12 9))","138",E06000042,Milton Keynes,,SE67,E12000008,South East,De-ddwyrain Lloegr,E127,E92000001,England,Lloegr
"POLYGON ((13 9,13 10,14 10,14 9,13 9))","139",E09000017,Hillingdon,,L19,E12000007,London,Llundain,E128,E92000001,England,Lloegr
"POLYGON ((14 9,14 10,15 10,15 9,14 9))","140",E09000009,Ealing,,L20,E12000007,London,Llundain,E129,E92000001,England,Lloegr
"POLYGON ((15 9,15 10,16 10,16 9,15 9))","141",E09000005,Brent,,L21,E12000007,London,Llundain,E130,E92000001,England,Lloegr
"POLYGON ((16 9,16 10,17 10,17 9,16 9))","142",E09000007,Camden,,L22,E12000007,London,Llundain,E131,E92000001,England,Lloegr
"POLYGON ((17 9,17 10,18 10,18 9,17 9))","143",E09000019,Islington,,L23,E12000007,London,Llundain,E132,E92000001,England,Lloegr
"POLYGON ((18 9,18 10,19 10,19 9,18 9))","144",E09000012,Hackney,,L24,E12000007,London,Llundain,E133,E92000001,England,Lloegr
"POLYGON ((19 9,19 10,20 10,20 9,19 9))","145",E09000025,Newham,,L25,E12000007,London,Llundain,E134,E92000001,England,Lloegr
"POLYGON ((20 9,20 10,21 10,21 9,20 9))","146",E09000002,Barking and Dagenham,,L26,E12000007,London,Llundain,E135,E92000001,England,Lloegr
"POLYGON ((21 9,21 10,22 10,22 9,21 9))","147",E06000034,Thurrock,,EOE1,E12000006,East of England,Dwyrain Lloegr,E136,E92000001,England,Lloegr
"POLYGON ((22 9,22 10,23 10,23 9,22 9))","148",E07000069,Castle Point,,EOE2,E12000006,East of England,Dwyrain Lloegr,E137,E92000001,England,Lloegr
"POLYGON ((23 9,23 10,24 10,24 9,23 9))","149",E06000033,Southend-on-Sea,,EOE3,E12000006,East of England,Dwyrain Lloegr,E138,E92000001,England,Lloegr
"POLYGON ((2 10,2 11,3 11,3 10,2 10))","150",W06000010,Carmarthenshire,Sir Gaerfyrddin,W12,W08000001,Wales,Cymru,W12,W92000004,Wales,Cymru
"POLYGON ((3 10,3 11,4 11,4 10,3 10))","151",W06000024,Merthyr Tydfil,Merthyr Tudful,W13,W08000001,Wales,Cymru,W13,W92000004,Wales,Cymru
"POLYGON ((4 10,4 11,5 11,5 10,4 10))","152",W06000018,Caerphilly,Caerffili,W14,W08000001,Wales,Cymru,W14,W92000004,Wales,Cymru
"POLYGON ((5 10,5 11,6 11,6 10,5 10))","153",W06000023,Powys,Powys,W15,W08000001,Wales,Cymru,W15,W92000004,Wales,Cymru
"POLYGON ((6 10,6 11,7 11,7 10,6 10))","154",E08000027,Dudley,,WM13,E12000005,West Midlands,Gorllewin Canolbarth Lloegr,E139,E92000001,England,Lloegr
"POLYGON ((7 10,7 11,8 11,8 10,7 10))","155",E07000234,Bromsgrove,,WM14,E12000005,West Midlands,Gorllewin Canolbarth Lloegr,E140,E92000001,England,Lloegr
"POLYGON ((8 10,8 11,9 11,9 10,8 10))","156",E08000028,Sandwell,,WM15,E12000005,West Midlands,Gorllewin Canolbarth Lloegr,E141,E92000001,England,Lloegr
"POLYGON ((9 10,9 11,10 11,10 10,9 10))","157",E08000025,Birmingham,,WM16,E12000005,West Midlands,Gorllewin Canolbarth Lloegr,E142,E92000001,England,Lloegr
"POLYGON ((10 10,10 11,11 11,11 10,10 10))","158",E07000218,North Warwickshire,,WM17,E12000005,West Midlands,Gorllewin Canolbarth Lloegr,E143,E92000001,England,Lloegr
"POLYGON ((11 10,11 11,12 11,12 10,11 10))","159",E07000151,Daventry,,EM1,E12000004,East Midlands,Dwyrain Canolbarth Lloegr,E144,E92000001,England,Lloegr
"POLYGON ((12 10,12 11,13 11,13 10,12 10))","160",E07000155,South Northamptonshire,,EM2,E12000004,East Midlands,Dwyrain Canolbarth Lloegr,E145,E92000001,England,Lloegr
"POLYGON ((13 10,13 11,14 11,14 10,13 10))","161",E07000156,Wellingborough,,EM3,E12000004,East Midlands,Dwyrain Canolbarth Lloegr,E146,E92000001,England,Lloegr
"POLYGON ((14 10,14 11,15 11,15 10,14 10))","162",E07000102,Three Rivers,,EOE4,E12000006,East of England,Dwyrain Lloegr,E147,E92000001,England,Lloegr
"POLYGON ((15 10,15 11,16 11,16 10,15 10))","163",E09000015,Harrow,,L27,E12000007,London,Llundain,E148,E92000001,England,Lloegr
"POLYGON ((16 10,16 11,17 11,17 10,16 10))","164",E09000003,Barnet,,L28,E12000007,London,Llundain,E149,E92000001,England,Lloegr
"POLYGON ((17 10,17 11,18 11,18 10,17 10))","165",E09000014,Haringey,,L29,E12000007,London,Llundain,E150,E92000001,England,Lloegr
"POLYGON ((18 10,18 11,19 11,19 10,18 10))","166",E09000031,Waltham Forest,,L30,E12000007,London,Llundain,E151,E92000001,England,Lloegr
"POLYGON ((19 10,19 11,20 11,20 10,19 10))","167",E09000026,Redbridge,,L31,E12000007,London,Llundain,E152,E92000001,England,Lloegr
"POLYGON ((20 10,20 11,21 11,21 10,20 10))","168",E09000016,Havering,,L32,E12000007,London,Llundain,E153,E92000001,England,Lloegr
"POLYGON ((21 10,21 11,22 11,22 10,21 10))","169",E07000066,Basildon,,EOE5,E12000006,East of England,Dwyrain Lloegr,E154,E92000001,England,Lloegr
"POLYGON ((22 10,22 11,23 11,23 10,22 10))","170",E07000075,Rochford,,EOE6,E12000006,East of England,Dwyrain Lloegr,E155,E92000001,England,Lloegr
"POLYGON ((3 11,3 12,4 12,4 11,3 11))","171",W06000002,Gwynedd,Gwynedd,W16,W08000001,Wales,Cymru,W16,W92000004,Wales,Cymru
"POLYGON ((4 11,4 12,5 12,5 11,4 11))","172",W06000008,Ceredigion,Ceredigion,W17,W08000001,Wales,Cymru,W17,W92000004,Wales,Cymru
"POLYGON ((5 11,5 12,6 12,6 11,5 11))","173",W06000006,Wrexham,Wrecsam,W18,W08000001,Wales,Cymru,W18,W92000004,Wales,Cymru
"POLYGON ((6 11,6 12,7 12,7 11,6 11))","174",E08000031,Wolverhampton,,WM18,E12000005,West Midlands,Gorllewin Canolbarth Lloegr,E156,E92000001,England,Lloegr
"POLYGON ((7 11,7 12,8 12,8 11,7 11))","175",E07000196,South Staffordshire,,WM19,E12000005,West Midlands,Gorllewin Canolbarth Lloegr,E157,E92000001,England,Lloegr
"POLYGON ((8 11,8 12,9 12,9 11,8 11))","176",E08000030,Walsall,,WM20,E12000005,West Midlands,Gorllewin Canolbarth Lloegr,E158,E92000001,England,Lloegr
"POLYGON ((9 11,9 12,10 12,10 11,9 11))","177",E07000194,Lichfield,,WM21,E12000005,West Midlands,Gorllewin Canolbarth Lloegr,E159,E92000001,England,Lloegr
"POLYGON ((10 11,10 12,11 12,11 11,10 11))","178",E07000199,Tamworth,,WM22,E12000005,West Midlands,Gorllewin Canolbarth Lloegr,E160,E92000001,England,Lloegr
"POLYGON ((11 11,11 12,12 12,12 11,11 11))","179",E07000131,Harborough,,EM4,E12000004,East Midlands,Dwyrain Canolbarth Lloegr,E161,E92000001,England,Lloegr
"POLYGON ((12 11,12 12,13 12,13 11,12 11))","180",E07000154,Northampton,,EM5,E12000004,East Midlands,Dwyrain Canolbarth Lloegr,E162,E92000001,England,Lloegr
"POLYGON ((13 11,13 12,14 12,14 11,13 11))","181",E07000152,East Northamptonshire,,EM6,E12000004,East Midlands,Dwyrain Canolbarth Lloegr,E163,E92000001,England,Lloegr
"POLYGON ((14 11,14 12,15 12,15 11,14 11))","182",E07000103,Watford,,EOE7,E12000006,East of England,Dwyrain Lloegr,E164,E92000001,England,Lloegr
"POLYGON ((15 11,15 12,16 12,16 11,15 11))","183",E07000098,Hertsmere,,EOE8,E12000006,East of England,Dwyrain Lloegr,E165,E92000001,England,Lloegr
"POLYGON ((16 11,16 12,17 12,17 11,16 11))","184",E07000241,Welwyn Hatfield,,EOE9,E12000006,East of England,Dwyrain Lloegr,E166,E92000001,England,Lloegr
"POLYGON ((17 11,17 12,18 12,18 11,17 11))","185",E09000010,Enfield,,L33,E12000007,London,Llundain,E167,E92000001,England,Lloegr
"POLYGON ((18 11,18 12,19 12,19 11,18 11))","186",E07000072,Epping Forest,,EOE10,E12000006,East of England,Dwyrain Lloegr,E168,E92000001,England,Lloegr
"POLYGON ((19 11,19 12,20 12,20 11,19 11))","187",E07000068,Brentwood,,EOE11,E12000006,East of England,Dwyrain Lloegr,E169,E92000001,England,Lloegr
"POLYGON ((20 11,20 12,21 12,21 11,20 11))","188",E07000070,Chelmsford,,EOE12,E12000006,East of England,Dwyrain Lloegr,E170,E92000001,England,Lloegr
"POLYGON ((21 11,21 12,22 12,22 11,21 11))","189",E07000074,Maldon,,EOE13,E12000006,East of England,Dwyrain Lloegr,E171,E92000001,England,Lloegr
"POLYGON ((3 12,3 13,4 13,4 12,3 12))","190",W06000003,Conwy,Conwy,W19,W08000001,Wales,Cymru,W19,W92000004,Wales,Cymru
"POLYGON ((4 12,4 13,5 13,5 12,4 12))","191",W06000004,Denbighshire,Sir Ddinbych,W20,W08000001,Wales,Cymru,W20,W92000004,Wales,Cymru
"POLYGON ((5 12,5 13,6 13,6 12,5 12))","192",W06000005,Flintshire,Sir y Fflint,W21,W08000001,Wales,Cymru,W21,W92000004,Wales,Cymru
"POLYGON ((6 12,6 13,7 13,7 12,6 12))","193",E06000051,Shropshire,,WM23,E12000005,West Midlands,Gorllewin Canolbarth Lloegr,E172,E92000001,England,Lloegr
"POLYGON ((7 12,7 13,8 13,8 12,7 12))","194",E06000020,Telford and Wrekin,,WM24,E12000005,West Midlands,Gorllewin Canolbarth Lloegr,E173,E92000001,England,Lloegr
"POLYGON ((8 12,8 13,9 13,9 12,8 12))","195",E07000192,Cannock Chase,,WM25,E12000005,West Midlands,Gorllewin Canolbarth Lloegr,E174,E92000001,England,Lloegr
"POLYGON ((9 12,9 13,10 13,10 12,9 12))","196",E07000193,East Staffordshire,,WM26,E12000005,West Midlands,Gorllewin Canolbarth Lloegr,E175,E92000001,England,Lloegr
"POLYGON ((10 12,10 13,11 13,11 12,10 12))","197",E07000129,Blaby,,EM7,E12000004,East Midlands,Dwyrain Canolbarth Lloegr,E176,E92000001,England,Lloegr
"POLYGON ((11 12,11 13,12 13,12 12,11 12))","198",E07000135,Oadby and Wigston,,EM8,E12000004,East Midlands,Dwyrain Canolbarth Lloegr,E177,E92000001,England,Lloegr
"POLYGON ((12 12,12 13,13 13,13 12,12 12))","199",E07000150,Corby,,EM9,E12000004,East Midlands,Dwyrain Canolbarth Lloegr,E178,E92000001,England,Lloegr
"POLYGON ((13 12,13 13,14 13,14 12,13 12))","200",E07000153,Kettering,,EM10,E12000004,East Midlands,Dwyrain Canolbarth Lloegr,E179,E92000001,England,Lloegr
"POLYGON ((14 12,14 13,15 13,15 12,14 12))","201",E07000096,Dacorum,,EOE14,E12000006,East of England,Dwyrain Lloegr,E180,E92000001,England,Lloegr
"POLYGON ((15 12,15 13,16 13,16 12,15 12))","202",E07000240,St Albans,,EOE15,E12000006,East of England,Dwyrain Lloegr,E181,E92000001,England,Lloegr
"POLYGON ((16 12,16 13,17 13,17 12,16 12))","203",E07000243,Stevenage,,EOE16,E12000006,East of England,Dwyrain Lloegr,E182,E92000001,England,Lloegr
"POLYGON ((17 12,17 13,18 13,18 12,17 12))","204",E07000095,Broxbourne,,EOE17,E12000006,East of England,Dwyrain Lloegr,E183,E92000001,England,Lloegr
"POLYGON ((18 12,18 13,19 13,19 12,18 12))","205",E07000073,Harlow,,EOE18,E12000006,East of England,Dwyrain Lloegr,E184,E92000001,England,Lloegr
"POLYGON ((19 12,19 13,20 13,20 12,19 12))","206",E07000077,Uttlesford,,EOE19,E12000006,East of England,Dwyrain Lloegr,E185,E92000001,England,Lloegr
"POLYGON ((20 12,20 13,21 13,21 12,20 12))","207",E07000067,Braintree,,EOE20,E12000006,East of England,Dwyrain Lloegr,E186,E92000001,England,Lloegr
"POLYGON ((21 12,21 13,22 13,22 12,21 12))","208",E07000071,Colchester,,EOE21,E12000006,East of England,Dwyrain Lloegr,E187,E92000001,England,Lloegr
"POLYGON ((22 12,22 13,23 13,23 12,22 12))","209",E07000076,Tendring,,EOE22,E12000006,East of England,Dwyrain Lloegr,E188,E92000001,England,Lloegr
"POLYGON ((2 13,2 14,3 14,3 13,2 13))","210",W06000001,Isle of Anglesey,Ynys Môn,W22,W08000001,Wales,Cymru,W22,W92000004,Wales,Cymru
"POLYGON ((7 13,7 14,8 14,8 13,7 13))","211",E07000195,Newcastle-under-Lyme,,WM27,E12000005,West Midlands,Gorllewin Canolbarth Lloegr,E189,E92000001,England,Lloegr
"POLYGON ((8 13,8 14,9 14,9 13,8 13))","212",E07000197,Stafford,,WM28,E12000005,West Midlands,Gorllewin Canolbarth Lloegr,E190,E92000001,England,Lloegr
"POLYGON ((9 13,9 14,10 14,10 13,9 13))","213",E07000198,Staffordshire Moorlands,,WM29,E12000005,West Midlands,Gorllewin Canolbarth Lloegr,E191,E92000001,England,Lloegr
"POLYGON ((10 13,10 14,11 14,11 13,10 13))","214",E07000132,Hinckley and Bosworth,,EM11,E12000004,East Midlands,Dwyrain Canolbarth Lloegr,E192,E92000001,England,Lloegr
"POLYGON ((11 13,11 14,12 14,12 13,11 13))","215",E06000016,Leicester,,EM12,E12000004,East Midlands,Dwyrain Canolbarth Lloegr,E193,E92000001,England,Lloegr
"POLYGON ((12 13,12 14,13 14,13 13,12 13))","216",E07000130,Charnwood,,EM13,E12000004,East Midlands,Dwyrain Canolbarth Lloegr,E194,E92000001,England,Lloegr
"POLYGON ((13 13,13 14,14 14,14 13,13 13))","217",E07000133,Melton,,EM14,E12000004,East Midlands,Dwyrain Canolbarth Lloegr,E195,E92000001,England,Lloegr
"POLYGON ((14 13,14 14,15 14,15 13,14 13))","218",E06000055,Bedford,,EOE23,E12000006,East of England,Dwyrain Lloegr,E196,E92000001,England,Lloegr
"POLYGON ((15 13,15 14,16 14,16 13,15 13))","219",E06000056,Central Bedfordshire,,EOE24,E12000006,East of England,Dwyrain Lloegr,E197,E92000001,England,Lloegr
"POLYGON ((16 13,16 14,17 14,17 13,16 13))","220",E06000032,Luton,,EOE25,E12000006,East of England,Dwyrain Lloegr,E198,E92000001,England,Lloegr
"POLYGON ((17 13,17 14,18 14,18 13,17 13))","221",E07000099,North Hertfordshire,,EOE26,E12000006,East of England,Dwyrain Lloegr,E199,E92000001,England,Lloegr
"POLYGON ((18 13,18 14,19 14,19 13,18 13))","222",E07000242,East Hertfordshire,,EOE27,E12000006,East of England,Dwyrain Lloegr,E200,E92000001,England,Lloegr
"POLYGON ((19 13,19 14,20 14,20 13,19 13))","223",E07000245,West Suffolk,,EOE28,E12000006,East of England,Dwyrain Lloegr,E201,E92000001,England,Lloegr
"POLYGON ((20 13,20 14,21 14,21 13,20 13))","224",E07000200,Babergh,,EOE29,E12000006,East of England,Dwyrain Lloegr,E202,E92000001,England,Lloegr
"POLYGON ((21 13,21 14,22 14,22 13,21 13))","225",E07000202,Ipswich,,EOE30,E12000006,East of England,Dwyrain Lloegr,E203,E92000001,England,Lloegr
"POLYGON ((5 14,5 15,6 15,6 14,5 14))","226",E08000015,Wirral,,NW1,E12000002,North West,Gogledd-orllewin Lloegr,E204,E92000001,England,Lloegr
"POLYGON ((6 14,6 15,7 15,7 14,6 14))","227",E06000050,Cheshire West and Chester,,NW2,E12000002,North West,Gogledd-orllewin Lloegr,E205,E92000001,England,Lloegr
"POLYGON ((7 14,7 15,8 15,8 14,7 14))","228",E06000049,Cheshire East,,NW3,E12000002,North West,Gogledd-orllewin Lloegr,E206,E92000001,England,Lloegr
"POLYGON ((8 14,8 15,9 15,9 14,8 14))","229",E06000021,Stoke-on-Trent,,WM30,E12000005,West Midlands,Gorllewin Canolbarth Lloegr,E207,E92000001,England,Lloegr
"POLYGON ((9 14,9 15,10 15,10 14,9 14))","230",E07000035,Derbyshire Dales,,EM15,E12000004,East Midlands,Dwyrain Canolbarth Lloegr,E208,E92000001,England,Lloegr
"POLYGON ((10 14,10 15,11 15,11 14,10 14))","231",E07000134,North West Leicestershire,,EM16,E12000004,East Midlands,Dwyrain Canolbarth Lloegr,E209,E92000001,England,Lloegr
"POLYGON ((11 14,11 15,12 15,12 14,11 14))","232",E07000039,South Derbyshire,,EM17,E12000004,East Midlands,Dwyrain Canolbarth Lloegr,E210,E92000001,England,Lloegr
"POLYGON ((12 14,12 15,13 15,13 14,12 14))","233",E07000176,Rushcliffe,,EM18,E12000004,East Midlands,Dwyrain Canolbarth Lloegr,E211,E92000001,England,Lloegr
"POLYGON ((13 14,13 15,14 15,14 14,13 14))","234",E07000175,Newark and Sherwood,,EM19,E12000004,East Midlands,Dwyrain Canolbarth Lloegr,E212,E92000001,England,Lloegr
"POLYGON ((14 14,14 15,15 15,15 14,14 14))","235",E06000017,Rutland,,EM20,E12000004,East Midlands,Dwyrain Canolbarth Lloegr,E213,E92000001,England,Lloegr
"POLYGON ((15 14,15 15,16 15,16 14,15 14))","236",E07000011,Huntingdonshire,,EOE31,E12000006,East of England,Dwyrain Lloegr,E214,E92000001,England,Lloegr
"POLYGON ((16 14,16 15,17 15,17 14,16 14))","237",E07000012,South Cambridgeshire,,EOE32,E12000006,East of England,Dwyrain Lloegr,E215,E92000001,England,Lloegr
"POLYGON ((17 14,17 15,18 15,18 14,17 14))","238",E07000008,Cambridge,,EOE33,E12000006,East of England,Dwyrain Lloegr,E216,E92000001,England,Lloegr
"POLYGON ((18 14,18 15,19 15,19 14,18 14))","239",E07000009,East Cambridgeshire,,EOE34,E12000006,East of England,Dwyrain Lloegr,E217,E92000001,England,Lloegr
"POLYGON ((19 14,19 15,20 15,20 14,19 14))","240",E07000143,Breckland,,EOE35,E12000006,East of England,Dwyrain Lloegr,E218,E92000001,England,Lloegr
"POLYGON ((20 14,20 15,21 15,21 14,20 14))","241",E07000203,Mid Suffolk,,EOE36,E12000006,East of England,Dwyrain Lloegr,E219,E92000001,England,Lloegr
"POLYGON ((21 14,21 15,22 15,22 14,21 14))","242",E07000244,East Suffolk,,EOE37,E12000006,East of England,Dwyrain Lloegr,E220,E92000001,England,Lloegr
"POLYGON ((5 15,5 16,6 16,6 15,5 15))","243",E08000012,Liverpool,,NW4,E12000002,North West,Gogledd-orllewin Lloegr,E221,E92000001,England,Lloegr
"POLYGON ((6 15,6 16,7 16,7 15,6 15))","244",E06000006,Halton,,NW5,E12000002,North West,Gogledd-orllewin Lloegr,E222,E92000001,England,Lloegr
"POLYGON ((7 15,7 16,8 16,8 15,7 15))","245",E06000007,Warrington,,NW6,E12000002,North West,Gogledd-orllewin Lloegr,E223,E92000001,England,Lloegr
"POLYGON ((8 15,8 16,9 16,9 15,8 15))","246",E07000037,High Peak,,EM21,E12000004,East Midlands,Dwyrain Canolbarth Lloegr,E224,E92000001,England,Lloegr
"POLYGON ((9 15,9 16,10 16,10 15,9 15))","247",E06000015,Derby,,EM22,E12000004,East Midlands,Dwyrain Canolbarth Lloegr,E225,E92000001,England,Lloegr
"POLYGON ((10 15,10 16,11 16,11 15,10 15))","248",E07000036,Erewash,,EM23,E12000004,East Midlands,Dwyrain Canolbarth Lloegr,E226,E92000001,England,Lloegr
"POLYGON ((11 15,11 16,12 16,12 15,11 15))","249",E07000172,Broxtowe,,EM24,E12000004,East Midlands,Dwyrain Canolbarth Lloegr,E227,E92000001,England,Lloegr
"POLYGON ((12 15,12 16,13 16,13 15,12 15))","250",E06000018,Nottingham,,EM25,E12000004,East Midlands,Dwyrain Canolbarth Lloegr,E228,E92000001,England,Lloegr
"POLYGON ((13 15,13 16,14 16,14 15,13 15))","251",E07000173,Gedling,,EM26,E12000004,East Midlands,Dwyrain Canolbarth Lloegr,E229,E92000001,England,Lloegr
"POLYGON ((14 15,14 16,15 16,15 15,14 15))","252",E07000141,South Kesteven,,EM27,E12000004,East Midlands,Dwyrain Canolbarth Lloegr,E230,E92000001,England,Lloegr
"POLYGON ((15 15,15 16,16 16,16 15,15 15))","253",E06000031,Peterborough,,EOE38,E12000006,East of England,Dwyrain Lloegr,E231,E92000001,England,Lloegr
"POLYGON ((16 15,16 16,17 16,17 15,16 15))","254",E07000010,Fenland,,EOE39,E12000006,East of England,Dwyrain Lloegr,E232,E92000001,England,Lloegr
"POLYGON ((19 15,19 16,20 16,20 15,19 15))","255",E07000146,King's Lynn and West Norfolk,,EOE40,E12000006,East of England,Dwyrain Lloegr,E233,E92000001,England,Lloegr
"POLYGON ((20 15,20 16,21 16,21 15,20 15))","256",E07000149,South Norfolk,,EOE41,E12000006,East of England,Dwyrain Lloegr,E234,E92000001,England,Lloegr
"POLYGON ((21 15,21 16,22 16,22 15,21 15))","257",E07000148,Norwich,,EOE42,E12000006,East of England,Dwyrain Lloegr,E235,E92000001,England,Lloegr
"POLYGON ((4 16,4 17,5 17,5 16,4 16))","258",E08000014,Sefton,,NW7,E12000002,North West,Gogledd-orllewin Lloegr,E236,E92000001,England,Lloegr
"POLYGON ((5 16,5 17,6 17,6 16,5 16))","259",E08000011,Knowsley,,NW8,E12000002,North West,Gogledd-orllewin Lloegr,E237,E92000001,England,Lloegr
"POLYGON ((6 16,6 17,7 17,7 16,6 16))","260",E08000009,Trafford,,NW9,E12000002,North West,Gogledd-orllewin Lloegr,E238,E92000001,England,Lloegr
"POLYGON ((7 16,7 17,8 17,8 16,7 16))","261",E08000003,Manchester,,NW10,E12000002,North West,Gogledd-orllewin Lloegr,E239,E92000001,England,Lloegr
"POLYGON ((8 16,8 17,9 17,9 16,8 16))","262",E08000007,Stockport,,NW11,E12000002,North West,Gogledd-orllewin Lloegr,E240,E92000001,England,Lloegr
"POLYGON ((9 16,9 17,10 17,10 16,9 16))","263",E07000032,Amber Valley,,EM28,E12000004,East Midlands,Dwyrain Canolbarth Lloegr,E241,E92000001,England,Lloegr
"POLYGON ((10 16,10 17,11 17,11 16,10 16))","264",E07000038,North East Derbyshire,,EM29,E12000004,East Midlands,Dwyrain Canolbarth Lloegr,E242,E92000001,England,Lloegr
"POLYGON ((11 16,11 17,12 17,12 16,11 16))","265",E07000170,Ashfield,,EM30,E12000004,East Midlands,Dwyrain Canolbarth Lloegr,E243,E92000001,England,Lloegr
"POLYGON ((12 16,12 17,13 17,13 16,12 16))","266",E07000174,Mansfield,,EM31,E12000004,East Midlands,Dwyrain Canolbarth Lloegr,E244,E92000001,England,Lloegr
"POLYGON ((13 16,13 17,14 17,14 16,13 16))","267",E07000171,Bassetlaw,,EM32,E12000004,East Midlands,Dwyrain Canolbarth Lloegr,E245,E92000001,England,Lloegr
"POLYGON ((14 16,14 17,15 17,15 16,14 16))","268",E07000139,North Kesteven,,EM33,E12000004,East Midlands,Dwyrain Canolbarth Lloegr,E246,E92000001,England,Lloegr
"POLYGON ((15 16,15 17,16 17,16 16,15 16))","269",E07000140,South Holland,,EM34,E12000004,East Midlands,Dwyrain Canolbarth Lloegr,E247,E92000001,England,Lloegr
"POLYGON ((20 16,20 17,21 17,21 16,20 16))","270",E07000147,North Norfolk,,EOE43,E12000006,East of England,Dwyrain Lloegr,E248,E92000001,England,Lloegr
"POLYGON ((21 16,21 17,22 17,22 16,21 16))","271",E07000144,Broadland,,EOE44,E12000006,East of England,Dwyrain Lloegr,E249,E92000001,England,Lloegr
"POLYGON ((22 16,22 17,23 17,23 16,22 16))","272",E07000145,Great Yarmouth,,EOE45,E12000006,East of England,Dwyrain Lloegr,E250,E92000001,England,Lloegr
"POLYGON ((4 17,4 18,5 18,5 17,4 17))","273",E07000127,West Lancashire,,NW12,E12000002,North West,Gogledd-orllewin Lloegr,E251,E92000001,England,Lloegr
"POLYGON ((5 17,5 18,6 18,6 17,5 17))","274",E08000013,St. Helens,,NW13,E12000002,North West,Gogledd-orllewin Lloegr,E252,E92000001,England,Lloegr
"POLYGON ((6 17,6 18,7 18,7 17,6 17))","275",E08000010,Wigan,,NW14,E12000002,North West,Gogledd-orllewin Lloegr,E253,E92000001,England,Lloegr
"POLYGON ((7 17,7 18,8 18,8 17,7 17))","276",E08000006,Salford,,NW15,E12000002,North West,Gogledd-orllewin Lloegr,E254,E92000001,England,Lloegr
"POLYGON ((8 17,8 18,9 18,9 17,8 17))","277",E08000002,Bury,,NW16,E12000002,North West,Gogledd-orllewin Lloegr,E255,E92000001,England,Lloegr
"POLYGON ((9 17,9 18,10 18,10 17,9 17))","278",E08000008,Tameside,,NW17,E12000002,North West,Gogledd-orllewin Lloegr,E256,E92000001,England,Lloegr
"POLYGON ((10 17,10 18,11 18,11 17,10 17))","279",E08000019,Sheffield,,YATH1,E12000003,Yorkshire and The Humber,Swydd Efrog a Humber,E257,E92000001,England,Lloegr
"POLYGON ((11 17,11 18,12 18,12 17,11 17))","280",E08000018,Rotherham,,YATH2,E12000003,Yorkshire and The Humber,Swydd Efrog a Humber,E258,E92000001,England,Lloegr
"POLYGON ((12 17,12 18,13 18,13 17,12 17))","281",E07000034,Chesterfield,,EM35,E12000004,East Midlands,Dwyrain Canolbarth Lloegr,E259,E92000001,England,Lloegr
"POLYGON ((13 17,13 18,14 18,14 17,13 17))","282",E07000033,Bolsover,,EM36,E12000004,East Midlands,Dwyrain Canolbarth Lloegr,E260,E92000001,England,Lloegr
"POLYGON ((14 17,14 18,15 18,15 17,14 17))","283",E07000138,Lincoln,,EM37,E12000004,East Midlands,Dwyrain Canolbarth Lloegr,E261,E92000001,England,Lloegr
"POLYGON ((15 17,15 18,16 18,16 17,15 17))","284",E07000136,Boston,,EM38,E12000004,East Midlands,Dwyrain Canolbarth Lloegr,E262,E92000001,England,Lloegr
"POLYGON ((4 18,4 19,5 19,5 18,4 18))","285",E07000119,Fylde,,NW18,E12000002,North West,Gogledd-orllewin Lloegr,E263,E92000001,England,Lloegr
"POLYGON ((5 18,5 19,6 19,6 18,5 18))","286",E07000118,Chorley,,NW19,E12000002,North West,Gogledd-orllewin Lloegr,E264,E92000001,England,Lloegr
"POLYGON ((6 18,6 19,7 19,7 18,6 18))","287",E08000001,Bolton,,NW20,E12000002,North West,Gogledd-orllewin Lloegr,E265,E92000001,England,Lloegr
"POLYGON ((7 18,7 19,8 19,8 18,7 18))","288",E07000125,Rossendale,,NW21,E12000002,North West,Gogledd-orllewin Lloegr,E266,E92000001,England,Lloegr
"POLYGON ((8 18,8 19,9 19,9 18,8 18))","289",E08000004,Oldham,,NW22,E12000002,North West,Gogledd-orllewin Lloegr,E267,E92000001,England,Lloegr
"POLYGON ((9 18,9 19,10 19,10 18,9 18))","290",E08000034,Kirklees,,YATH3,E12000003,Yorkshire and The Humber,Swydd Efrog a Humber,E268,E92000001,England,Lloegr
"POLYGON ((10 18,10 19,11 19,11 18,10 18))","291",E08000016,Barnsley,,YATH4,E12000003,Yorkshire and The Humber,Swydd Efrog a Humber,E269,E92000001,England,Lloegr
"POLYGON ((11 18,11 19,12 19,12 18,11 18))","292",E08000036,Wakefield,,YATH5,E12000003,Yorkshire and The Humber,Swydd Efrog a Humber,E270,E92000001,England,Lloegr
"POLYGON ((12 18,12 19,13 19,13 18,12 18))","293",E08000017,Doncaster,,YATH6,E12000003,Yorkshire and The Humber,Swydd Efrog a Humber,E271,E92000001,England,Lloegr
"POLYGON ((13 18,13 19,14 19,14 18,13 18))","294",E06000013,North Lincolnshire,,YATH7,E12000003,Yorkshire and The Humber,Swydd Efrog a Humber,E272,E92000001,England,Lloegr
"POLYGON ((14 18,14 19,15 19,15 18,14 18))","295",E07000142,West Lindsey,,EM39,E12000004,East Midlands,Dwyrain Canolbarth Lloegr,E273,E92000001,England,Lloegr
"POLYGON ((15 18,15 19,16 19,16 18,15 18))","296",E07000137,East Lindsey,,EM40,E12000004,East Midlands,Dwyrain Canolbarth Lloegr,E274,E92000001,England,Lloegr
"POLYGON ((4 19,4 20,5 20,5 19,4 19))","297",E06000009,Blackpool,,NW23,E12000002,North West,Gogledd-orllewin Lloegr,E275,E92000001,England,Lloegr
"POLYGON ((5 19,5 20,6 20,6 19,5 19))","298",E07000126,South Ribble,,NW24,E12000002,North West,Gogledd-orllewin Lloegr,E276,E92000001,England,Lloegr
"POLYGON ((6 19,6 20,7 20,7 19,6 19))","299",E06000008,Blackburn with Darwen,,NW25,E12000002,North West,Gogledd-orllewin Lloegr,E277,E92000001,England,Lloegr
"POLYGON ((7 19,7 20,8 20,8 19,7 19))","300",E07000120,Hyndburn,,NW26,E12000002,North West,Gogledd-orllewin Lloegr,E278,E92000001,England,Lloegr
"POLYGON ((8 19,8 20,9 20,9 19,8 19))","301",E08000005,Rochdale,,NW27,E12000002,North West,Gogledd-orllewin Lloegr,E279,E92000001,England,Lloegr
"POLYGON ((9 19,9 20,10 20,10 19,9 19))","302",E08000033,Calderdale,,YATH8,E12000003,Yorkshire and The Humber,Swydd Efrog a Humber,E280,E92000001,England,Lloegr
"POLYGON ((10 19,10 20,11 20,11 19,10 19))","303",E08000035,Leeds,,YATH9,E12000003,Yorkshire and The Humber,Swydd Efrog a Humber,E281,E92000001,England,Lloegr
"POLYGON ((11 19,11 20,12 20,12 19,11 19))","304",E07000169,Selby,,YATH10,E12000003,Yorkshire and The Humber,Swydd Efrog a Humber,E282,E92000001,England,Lloegr
"POLYGON ((12 19,12 20,13 20,13 19,12 19))","305",E06000011,East Riding of Yorkshire,,YATH11,E12000003,Yorkshire and The Humber,Swydd Efrog a Humber,E283,E92000001,England,Lloegr
"POLYGON ((13 19,13 20,14 20,14 19,13 19))","306",E06000010,"Kingston upon Hull, City of",,YATH12,E12000003,Yorkshire and The Humber,Swydd Efrog a Humber,E284,E92000001,England,Lloegr
"POLYGON ((14 19,14 20,15 20,15 19,14 19))","307",E06000012,North East Lincolnshire,,YATH13,E12000003,Yorkshire and The Humber,Swydd Efrog a Humber,E285,E92000001,England,Lloegr
"POLYGON ((5 20,5 21,6 21,6 20,5 20))","308",E07000128,Wyre,,NW28,E12000002,North West,Gogledd-orllewin Lloegr,E286,E92000001,England,Lloegr
"POLYGON ((6 20,6 21,7 21,7 20,6 20))","309",E07000123,Preston,,NW29,E12000002,North West,Gogledd-orllewin Lloegr,E287,E92000001,England,Lloegr
"POLYGON ((7 20,7 21,8 21,8 20,7 20))","310",E07000124,Ribble Valley,,NW30,E12000002,North West,Gogledd-orllewin Lloegr,E288,E92000001,England,Lloegr
"POLYGON ((8 20,8 21,9 21,9 20,8 20))","311",E07000117,Burnley,,NW31,E12000002,North West,Gogledd-orllewin Lloegr,E289,E92000001,England,Lloegr
"POLYGON ((9 20,9 21,10 21,10 20,9 20))","312",E08000032,Bradford,,YATH14,E12000003,Yorkshire and The Humber,Swydd Efrog a Humber,E290,E92000001,England,Lloegr
"POLYGON ((10 20,10 21,11 21,11 20,10 20))","313",E07000165,Harrogate,,YATH15,E12000003,Yorkshire and The Humber,Swydd Efrog a Humber,E291,E92000001,England,Lloegr
"POLYGON ((11 20,11 21,12 21,12 20,11 20))","314",E06000014,York,,YATH16,E12000003,Yorkshire and The Humber,Swydd Efrog a Humber,E292,E92000001,England,Lloegr
"POLYGON ((12 20,12 21,13 21,13 20,12 20))","315",E07000167,Ryedale,,YATH17,E12000003,Yorkshire and The Humber,Swydd Efrog a Humber,E293,E92000001,England,Lloegr
"POLYGON ((1 21,1 22,2 22,2 21,1 21))","316",N09000010,"Newry, Mourne and Down",,NI1,N07000001,Northern Ireland,Gogledd Iwerddon,,N92000002,Northern Ireland,Gogledd Iwerddon
"POLYGON ((2 21,2 22,3 22,3 21,2 21))","317",N09000011,Ards and North Down,,NI2,N07000001,Northern Ireland,Gogledd Iwerddon,,N92000002,Northern Ireland,Gogledd Iwerddon
"POLYGON ((6 21,6 22,7 22,7 21,6 21))","318",E07000121,Lancaster,,NW32,E12000002,North West,Gogledd-orllewin Lloegr,E294,E92000001,England,Lloegr
"POLYGON ((7 21,7 22,8 22,8 21,7 21))","319",E07000122,Pendle,,NW33,E12000002,North West,Gogledd-orllewin Lloegr,E295,E92000001,England,Lloegr
"POLYGON ((8 21,8 22,9 22,9 21,8 21))","320",E07000163,Craven,,YATH18,E12000003,Yorkshire and The Humber,Swydd Efrog a Humber,E296,E92000001,England,Lloegr
"POLYGON ((9 21,9 22,10 22,10 21,9 21))","321",E07000166,Richmondshire,,YATH19,E12000003,Yorkshire and The Humber,Swydd Efrog a Humber,E297,E92000001,England,Lloegr
"POLYGON ((10 21,10 22,11 22,11 21,10 21))","322",E07000164,Hambleton,,YATH20,E12000003,Yorkshire and The Humber,Swydd Efrog a Humber,E298,E92000001,England,Lloegr
"POLYGON ((11 21,11 22,12 22,12 21,11 21))","323",E07000168,Scarborough,,YATH21,E12000003,Yorkshire and The Humber,Swydd Efrog a Humber,E299,E92000001,England,Lloegr
"POLYGON ((0 22,0 23,1 23,1 22,0 22))","324",N09000002,"Armagh City, Banbridge and Craigavon",,NI3,N07000001,Northern Ireland,Gogledd Iwerddon,,N92000002,Northern Ireland,Gogledd Iwerddon
"POLYGON ((1 22,1 23,2 23,2 22,1 22))","325",N09000007,Lisburn and Castlereagh,,NI4,N07000001,Northern Ireland,Gogledd Iwerddon,,N92000002,Northern Ireland,Gogledd Iwerddon
"POLYGON ((2 22,2 23,3 23,3 22,2 22))","326",N09000003,Belfast,,NI5,N07000001,Northern Ireland,Gogledd Iwerddon,,N92000002,Northern Ireland,Gogledd Iwerddon
"POLYGON ((5 22,5 23,6 23,6 22,5 22))","327",E07000027,Barrow-in-Furness,,NW34,E12000002,North West,Gogledd-orllewin Lloegr,E300,E92000001,England,Lloegr
"POLYGON ((6 22,6 23,7 23,7 22,6 22))","328",E07000031,South Lakeland,,NW35,E12000002,North West,Gogledd-orllewin Lloegr,E301,E92000001,England,Lloegr
"POLYGON ((7 22,7 23,8 23,8 22,7 22))","329",E07000030,Eden,,NW36,E12000002,North West,Gogledd-orllewin Lloegr,E302,E92000001,England,Lloegr
"POLYGON ((8 22,8 23,9 23,9 22,8 22))","330",E06000047,County Durham,,NE1,E12000001,North East,Gogledd-ddwyrain Lloegr,E303,E92000001,England,Lloegr
"POLYGON ((9 22,9 23,10 23,10 22,9 22))","331",E06000005,Darlington,,NE2,E12000001,North East,Gogledd-ddwyrain Lloegr,E304,E92000001,England,Lloegr
"POLYGON ((10 22,10 23,11 23,11 22,10 22))","332",E06000004,Stockton-on-Tees,,NE3,E12000001,North East,Gogledd-ddwyrain Lloegr,E305,E92000001,England,Lloegr
"POLYGON ((11 22,11 23,12 23,12 22,11 22))","333",E06000002,Middlesbrough,,NE4,E12000001,North East,Gogledd-ddwyrain Lloegr,E306,E92000001,England,Lloegr
"POLYGON ((12 22,12 23,13 23,13 22,12 22))","334",E06000003,Redcar and Cleveland,,NE5,E12000001,North East,Gogledd-ddwyrain Lloegr,E307,E92000001,England,Lloegr
"POLYGON ((0 23,0 24,1 24,1 23,0 23))","335",N09000006,Fermanagh and Omagh,,NI6,N07000001,Northern Ireland,Gogledd Iwerddon,,N92000002,Northern Ireland,Gogledd Iwerddon
"POLYGON ((1 23,1 24,2 24,2 23,1 23))","336",N09000009,Mid Ulster,,NI7,N07000001,Northern Ireland,Gogledd Iwerddon,,N92000002,Northern Ireland,Gogledd Iwerddon
"POLYGON ((2 23,2 24,3 24,3 23,2 23))","337",N09000001,Antrim and Newtownabbey,,NI8,N07000001,Northern Ireland,Gogledd Iwerddon,,N92000002,Northern Ireland,Gogledd Iwerddon
"POLYGON ((5 23,5 24,6 24,6 23,5 23))","338",E07000029,Copeland,,NW37,E12000002,North West,Gogledd-orllewin Lloegr,E308,E92000001,England,Lloegr
"POLYGON ((6 23,6 24,7 24,7 23,6 23))","339",E07000026,Allerdale,,NW38,E12000002,North West,Gogledd-orllewin Lloegr,E309,E92000001,England,Lloegr
"POLYGON ((7 23,7 24,8 24,8 23,7 23))","340",E07000028,Carlisle,,NW39,E12000002,North West,Gogledd-orllewin Lloegr,E310,E92000001,England,Lloegr
"POLYGON ((8 23,8 24,9 24,9 23,8 23))","341",E06000057,Northumberland,,NE6,E12000001,North East,Gogledd-ddwyrain Lloegr,E311,E92000001,England,Lloegr
"POLYGON ((9 23,9 24,10 24,10 23,9 23))","342",E08000021,Newcastle upon Tyne,,NE7,E12000001,North East,Gogledd-ddwyrain Lloegr,E312,E92000001,England,Lloegr
"POLYGON ((10 23,10 24,11 24,11 23,10 23))","343",E08000037,Gateshead,,NE8,E12000001,North East,Gogledd-ddwyrain Lloegr,E313,E92000001,England,Lloegr
"POLYGON ((11 23,11 24,12 24,12 23,11 23))","344",E06000001,Hartlepool,,NE9,E12000001,North East,Gogledd-ddwyrain Lloegr,E314,E92000001,England,Lloegr
"POLYGON ((0 24,0 25,1 25,1 24,0 24))","345",N09000005,Derry City and Strabane,,NI9,N07000001,Northern Ireland,Gogledd Iwerddon,,N92000002,Northern Ireland,Gogledd Iwerddon
"POLYGON ((1 24,1 25,2 25,2 24,1 24))","346",N09000004,Causeway Coast and Glens,,NI10,N07000001,Northern Ireland,Gogledd Iwerddon,,N92000002,Northern Ireland,Gogledd Iwerddon
"POLYGON ((2 24,2 25,3 25,3 24,2 24))","347",N09000008,Mid and East Antrim,,NI11,N07000001,Northern Ireland,Gogledd Iwerddon,,N92000002,Northern Ireland,Gogledd Iwerddon
"POLYGON ((7 24,7 25,8 25,8 24,7 24))","348",S12000028,South Ayrshire,,S1,S15000001,Scotland,Yr Alban,S1,S92000003,Scotland,Yr Alban
"POLYGON ((8 24,8 25,9 25,9 24,8 24))","349",S12000006,Dumfries and Galloway,,S2,S15000001,Scotland,Yr Alban,S2,S92000003,Scotland,Yr Alban
"POLYGON ((9 24,9 25,10 25,10 24,9 24))","350",S12000026,Scottish Borders,,S3,S15000001,Scotland,Yr Alban,S3,S92000003,Scotland,Yr Alban
"POLYGON ((10 24,10 25,11 25,11 24,10 24))","351",E08000023,South Tyneside,,NE10,E12000001,North East,Gogledd-ddwyrain Lloegr,E315,E92000001,England,Lloegr
"POLYGON ((11 24,11 25,12 25,12 24,11 24))","352",E08000024,Sunderland,,NE11,E12000001,North East,Gogledd-ddwyrain Lloegr,E316,E92000001,England,Lloegr
"POLYGON ((7 25,7 26,8 26,8 25,7 25))","353",S12000021,North Ayrshire,,S4,S15000001,Scotland,Yr Alban,S4,S92000003,Scotland,Yr Alban
"POLYGON ((8 25,8 26,9 26,9 25,8 25))","354",S12000008,East Ayrshire,,S5,S15000001,Scotland,Yr Alban,S5,S92000003,Scotland,Yr Alban
"POLYGON ((9 25,9 26,10 26,10 25,9 25))","355",S12000029,South Lanarkshire,,S6,S15000001,Scotland,Yr Alban,S6,S92000003,Scotland,Yr Alban
"POLYGON ((10 25,10 26,11 26,11 25,10 25))","356",E08000022,North Tyneside,,NE12,E12000001,North East,Gogledd-ddwyrain Lloegr,E317,E92000001,England,Lloegr
"POLYGON ((5 26,5 27,6 27,6 26,5 26))","357",S12000018,Inverclyde,,S7,S15000001,Scotland,Yr Alban,S7,S92000003,Scotland,Yr Alban
"POLYGON ((6 26,6 27,7 27,7 26,6 26))","358",S12000038,Renfrewshire,,S8,S15000001,Scotland,Yr Alban,S8,S92000003,Scotland,Yr Alban
"POLYGON ((7 26,7 27,8 27,8 26,7 26))","359",S12000011,East Renfrewshire,,S9,S15000001,Scotland,Yr Alban,S9,S92000003,Scotland,Yr Alban
"POLYGON ((8 26,8 27,9 27,9 26,8 26))","360",S12000049,Glasgow City,,S10,S15000001,Scotland,Yr Alban,S10,S92000003,Scotland,Yr Alban
"POLYGON ((9 26,9 27,10 27,10 26,9 26))","361",S12000050,North Lanarkshire,,S11,S15000001,Scotland,Yr Alban,S11,S92000003,Scotland,Yr Alban
"POLYGON ((10 26,10 27,11 27,11 26,10 26))","362",S12000040,West Lothian,,S12,S15000001,Scotland,Yr Alban,S12,S92000003,Scotland,Yr Alban
"POLYGON ((11 26,11 27,12 27,12 26,11 26))","363",S12000036,City of Edinburgh,,S13,S15000001,Scotland,Yr Alban,S13,S92000003,Scotland,Yr Alban
"POLYGON ((12 26,12 27,13 27,13 26,12 26))","364",S12000019,Midlothian,,S14,S15000001,Scotland,Yr Alban,S14,S92000003,Scotland,Yr Alban
"POLYGON ((13 26,13 27,14 27,14 26,13 26))","365",S12000010,East Lothian,,S15,S15000001,Scotland,Yr Alban,S15,S92000003,Scotland,Yr Alban
"POLYGON ((6 27,6 28,7 28,7 27,6 27))","366",S12000035,Argyll and Bute,,S16,S15000001,Scotland,Yr Alban,S16,S92000003,Scotland,Yr Alban
"POLYGON ((7 27,7 28,8 28,8 27,7 27))","367",S12000039,West Dunbartonshire,,S17,S15000001,Scotland,Yr Alban,S17,S92000003,Scotland,Yr Alban
"POLYGON ((8 27,8 28,9 28,9 27,8 27))","368",S12000045,East Dunbartonshire,,S18,S15000001,Scotland,Yr Alban,S18,S92000003,Scotland,Yr Alban
"POLYGON ((9 27,9 28,10 28,10 27,9 27))","369",S12000014,Falkirk,,S19,S15000001,Scotland,Yr Alban,S19,S92000003,Scotland,Yr Alban
"POLYGON ((8 28,8 29,9 29,9 28,8 28))","370",S12000030,Stirling,,S20,S15000001,Scotland,Yr Alban,S20,S92000003,Scotland,Yr Alban
"POLYGON ((9 28,9 29,10 29,10 28,9 28))","371",S12000005,Clackmannanshire,,S21,S15000001,Scotland,Yr Alban,S21,S92000003,Scotland,Yr Alban
"POLYGON ((10 28,10 29,11 29,11 28,10 28))","372",S12000047,Fife,,S22,S15000001,Scotland,Yr Alban,S22,S92000003,Scotland,Yr Alban
"POLYGON ((9 29,9 30,10 30,10 29,9 29))","373",S12000048,Perth and Kinross,,S23,S15000001,Scotland,Yr Alban,S23,S92000003,Scotland,Yr Alban
"POLYGON ((10 29,10 30,11 30,11 29,10 29))","374",S12000042,Dundee City,,S24,S15000001,Scotland,Yr Alban,S24,S92000003,Scotland,Yr Alban
"POLYGON ((11 29,11 30,12 30,12 29,11 29))","375",S12000041,Angus,,S25,S15000001,Scotland,Yr Alban,S25,S92000003,Scotland,Yr Alban
"POLYGON ((9 30,9 31,10 31,10 30,9 30))","376",S12000020,Moray,,S26,S15000001,Scotland,Yr Alban,S26,S92000003,Scotland,Yr Alban
"POLYGON ((10 30,10 31,11 31,11 30,10 30))","377",S12000034,Aberdeenshire,,S27,S15000001,Scotland,Yr Alban,S27,S92000003,Scotland,Yr Alban
"POLYGON ((11 30,11 31,12 31,12 30,11 30))","378",S12000033,Aberdeen City,,S28,S15000001,Scotland,Yr Alban,S28,S92000003,Scotland,Yr Alban
"POLYGON ((9 31,9 32,10 32,10 31,9 31))","379",S12000017,Highland,,S29,S15000001,Scotland,Yr Alban,S29,S92000003,Scotland,Yr Alban
"POLYGON ((8 32,8 33,9 33,9 32,8 32))","380",S12000013,Na h-Eileanan Siar,,S30,S15000001,Scotland,Yr Alban,S30,S92000003,Scotland,Yr Alban
"POLYGON ((10 32,10 33,11 33,11 32,10 32))","381",S12000023,Orkney Islands,,S31,S15000001,Scotland,Yr Alban,S31,S92000003,Scotland,Yr Alban
"POLYGON ((10 34,10 35,11 35,11 34,10 34))","382",S12000027,Shetland Islands,,S32,S15000001,Scotland,Yr Alban,S32,S92000003,Scotland,Yr Alban
